use my_database3a
go

INSERT INTO "Sucursal" ("Ubicacion", "Contacto", "Telefono") VALUES
('Ciudad de Panamá, Calle 50', 'Juan Pérez', '+507 1234-5678'),
('Panamá Oeste, Arraiján', 'Ana Martínez', '+507 2345-6789'),
('Colón, Zona Libre', 'Luis Rodríguez', '+507 3456-7890'),
('Chiriquí, David', 'María López', '+507 4567-8901'),
('Bocas del Toro, Ciudad de Bocas', 'Carlos Gómez', '+507 5678-9012'),
('Veraguas, Santiago', 'Sofía Hernández', '+507 6789-0123'),
('Panamá Este, San Miguelito', 'Pedro Ruiz', '+507 7890-1234'),
('Los Santos, Las Tablas', 'Laura Gómez', '+507 8901-2345'),
('Herrera, Chitré', 'Andrés Castillo', '+507 9012-3456'),
('Darién, La Palma', 'Carmen Díaz', '+507 0123-4567'),
('Panamá Norte, Tocumen', 'Ricardo Morales', '+507 1234-5679'),
('Panamá Centro, Balboa', 'Patricia Vega', '+507 2345-6790'),
('Panamá Oeste, La Chorrera', 'Alejandro Fernández', '+507 3456-7891'),
('Panamá Este, Pacora', 'Marta Rodríguez', '+507 4567-8902'),
('Panamá, El Cangrejo', 'Óscar Ruiz', '+507 5678-9013'),
('Bocas del Toro, Changuinola', 'Hilda Pérez', '+507 6789-0124'),
('Veraguas, La Concepción', 'Manuel García', '+507 7890-1235'),
('Chiriquí, Boquete', 'Jorge López', '+507 8901-2346'),
('Colón, Colón Centro', 'Gloria Jiménez', '+507 9012-3457'),
('Panamá Oeste, Cerro Punta', 'Fernando Ruiz', '+507 0123-4568');

INSERT INTO "Empleado" ("Nombre", "Apellido", "CodigoSucursal", "Identificacion", "FechaEntrada") VALUES
('Juan', 'Perez', 1, 'ID1234', '2024-01-01'),
('Maria', 'Gomez', 2, 'ID1235', '2024-02-01'),
('Carlos', 'Lopez', 3, 'ID1236', '2024-03-01'),
('Ana', 'Martinez', 4, 'ID1237', '2024-04-01'),
('Luis', 'Garcia', 5, 'ID1238', '2024-05-01'),
('Laura', 'Hernandez', 6, 'ID1239', '2024-06-01'),
('Jose', 'Sanchez', 7, 'ID1240', '2024-07-01'),
('Elena', 'Diaz', 8, 'ID1241', '2024-08-01'),
('Pedro', 'Ramirez', 9, 'ID1242', '2024-09-01'),
('Sofia', 'Cruz', 10, 'ID1243', '2024-10-01'),
('Miguel', 'Alvarez', 11, 'ID1244', '2024-11-01'),
('Paula', 'Moreno', 12, 'ID1245', '2024-12-01'),
('Jorge', 'Vargas', 13, 'ID1246', '2025-01-01'),
('Rosa', 'Castillo', 14, 'ID1247', '2025-02-01'),
('Raul', 'Ortiz', 15, 'ID1248', '2025-03-01'),
('Daniela', 'Reyes', 16, 'ID1249', '2025-04-01'),
('Victor', 'Torres', 17, 'ID1250', '2025-05-01'),
('Julia', 'Mendoza', 18, 'ID1251', '2025-06-01'),
('Fernando', 'Ruiz', 19, 'ID1252', '2025-07-01'),
('Isabel', 'Flores', 20, 'ID1253', '2025-08-01');

INSERT INTO "Gerente" ("IDSucursal", "IDEmpleado") VALUES
(2, 2),
(3, 3),
(4, 4),
(5, 5),
(6, 6),
(7, 7),
(8, 8),
(9, 9),
(10, 10),
(11, 11),
(12, 12),
(13, 13),
(14, 14),
(15, 15),
(16, 16),
(17, 17),
(18, 18),
(19, 19),
(20, 20),
(21, 21);

-- Datos para la tabla "Maquinas"
INSERT INTO "Maquinas" ("NombreMaquina", "IDGerente", "IDSucursal") VALUES
('Maquina B', 21, 2),
('Maquina C', 22, 3),
('Maquina D', 23, 4),
('Maquina E', 24, 5),
('Maquina F', 25, 6),
('Maquina G', 26, 7),
('Maquina H', 27, 8),
('Maquina I', 28, 9),
('Maquina J', 29, 10),
('Maquina K', 30, 11),
('Maquina L', 31, 12),
('Maquina M', 32, 13),
('Maquina N', 33, 14),
('Maquina O', 34, 15),
('Maquina P', 35, 16),
('Maquina Q', 36, 17),
('Maquina R', 37, 18),
('Maquina S', 38, 19),
('Maquina T', 39, 20),
('Maquina U', 40, 21);

INSERT INTO "MaterialSalida" ("HorarioSalida", "SalidaPeso", "Ubicacion", "SalidaTipo", "Precio", "Fecha", "IDGerente") VALUES
('08:00:00', 100.00, 'Ubicacion A', 'Tipo A', 100.00, '2024-01-01', 21),
('09:00:00', 200.00, 'Ubicacion B', 'Tipo B', 200.00, '2024-02-01',22),
('10:00:00', 300.00, 'Ubicacion C', 'Tipo C', 300.00, '2024-03-01', 23),
('11:00:00', 400.00, 'Ubicacion D', 'Tipo D', 400.00, '2024-04-01', 24),
('12:00:00', 500.00, 'Ubicacion E', 'Tipo E', 500.00, '2024-05-01', 25),
('13:00:00', 600.00, 'Ubicacion F', 'Tipo F', 600.00, '2024-06-01', 26),
('14:00:00', 700.00, 'Ubicacion G', 'Tipo G', 700.00, '2024-07-01', 27),
('15:00:00', 800.00, 'Ubicacion H', 'Tipo H', 800.00, '2024-08-01', 28),
('16:00:00', 900.00, 'Ubicacion I', 'Tipo I', 900.00, '2024-09-01', 29),
('17:00:00', 1000.00, 'Ubicacion J', 'Tipo J', 1000.00, '2024-10-01', 30),
('18:00:00', 1100.00, 'Ubicacion K', 'Tipo K', 1100.00, '2024-11-01', 31),
('19:00:00', 1200.00, 'Ubicacion L', 'Tipo L', 1200.00, '2024-12-01', 32),
('20:00:00', 1300.00, 'Ubicacion M', 'Tipo M', 1300.00, '2025-01-01', 33),
('21:00:00', 1400.00, 'Ubicacion N', 'Tipo N', 1400.00, '2025-02-01', 34),
('22:00:00', 1500.00, 'Ubicacion O', 'Tipo O', 1500.00, '2025-03-01', 35),
('23:00:00', 1600.00, 'Ubicacion P', 'Tipo P', 1600.00, '2025-04-01', 36),
('00:00:00', 1700.00, 'Ubicacion Q', 'Tipo Q', 1700.00, '2025-05-01', 37),
('01:00:00', 1800.00, 'Ubicacion R', 'Tipo R', 1800.00, '2025-06-01', 38),
('02:00:00', 1900.00, 'Ubicacion S', 'Tipo S', 1900.00, '2025-07-01', 39),
('03:00:00', 2000.00, 'Ubicacion T', 'Tipo T', 2000.00, '2025-08-01', 40);

INSERT INTO "MaterialEntrada" ("EntradaTipo", "HorarioEntrada", "EntradaPeso", "EntradaOrigen", "date") VALUES
('Tipo A', '08:00:00', 100.00, 'Origen A', '2024-01-01'),
('Tipo B', '09:00:00', 200.00, 'Origen B', '2024-02-01'),
('Tipo C', '10:00:00', 300.00, 'Origen C', '2024-03-01'),
('Tipo D', '11:00:00', 400.00, 'Origen D', '2024-04-01'),
('Tipo E', '12:00:00', 500.00, 'Origen E', '2024-05-01'),
('Tipo F', '13:00:00', 600.00, 'Origen F', '2024-06-01'),
('Tipo G', '14:00:00', 700.00, 'Origen G', '2024-07-01'),
('Tipo H', '15:00:00', 800.00, 'Origen H', '2024-08-01'),
('Tipo I', '16:00:00', 900.00, 'Origen I', '2024-09-01'),
('Tipo J', '17:00:00', 1000.00, 'Origen J', '2024-10-01'),
('Tipo K', '18:00:00', 1100.00, 'Origen K', '2024-11-01'),
('Tipo L', '19:00:00', 1200.00, 'Origen L', '2024-12-01'),
('Tipo M', '20:00:00', 1300.00, 'Origen M', '2025-01-01'),
('Tipo N', '21:00:00', 1400.00, 'Origen N', '2025-02-01'),
('Tipo O', '22:00:00', 1500.00, 'Origen O', '2025-03-01'),
('Tipo P', '23:00:00', 1600.00, 'Origen P', '2025-04-01'),
('Tipo Q', '00:00:00', 1700.00, 'Origen Q', '2025-05-01'),
('Tipo R', '01:00:00', 1800.00, 'Origen R', '2025-06-01'),
('Tipo S', '02:00:00', 1900.00, 'Origen S', '2025-07-01'),
('Tipo T', '03:00:00', 2000.00, 'Origen T', '2025-08-01'),
('Tipo U', '04:00:00', 2100.00, 'Origen U', '2025-09-01'),
('Tipo V', '05:00:00', 2200.00, 'Origen V', '2025-10-01');


INSERT INTO ProcesoSalida (CodigoMaterialN, CodigoMaterialM, Precio) VALUES
(1, 1, 100.00),
(2, 2, 150.00),
(3, 3, 200.00),
(4, 4, 250.00),
(5, 5, 300.00),
(6, 6, 350.00),
(7, 7, 400.00),
(8, 8, 450.00),
(9, 9, 500.00),
(10, 10, 550.00),
(11, 11, 600.00),
(12, 12, 650.00),
(13, 13, 700.00),
(14, 14, 750.00),
(15, 15, 800.00),
(16, 16, 850.00),
(17, 17, 900.00),
(18, 18, 950.00),
(19, 19, 1000.00),
(20, 20, 1050.00);

-- Datos para la tabla "Piezas"
INSERT INTO "Piezas" ("CodigoMaquina", "NombrePieza", "IDGerente", "IDSucursal") VALUES
(1, 'Pieza A', 21, 1),
(2, 'Pieza B', 22, 2),
(3, 'Pieza C', 23, 3),
(4, 'Pieza D', 24, 4),
(5, 'Pieza E', 25, 5),
(6, 'Pieza F', 26, 6),
(7, 'Pieza G', 27, 7),
(8, 'Pieza H', 28, 8),
(9, 'Pieza I', 29, 9),
(10, 'Pieza J', 30, 10),
(11, 'Pieza K', 31, 11),
(12, 'Pieza L', 32, 12),
(13, 'Pieza M', 33, 13),
(14, 'Pieza N', 34, 14),
(15, 'Pieza O', 35, 15),
(16, 'Pieza P', 36, 16),
(17, 'Pieza Q', 37, 17),
(18, 'Pieza R', 38, 18),
(19, 'Pieza S', 39, 19),
(20, 'Pieza T', 40, 20);


INSERT INTO "MaterialSalida" ("HorarioSalida", "SalidaPeso", "Ubicacion", "SalidaTipo", "Precio", "Fecha", "IDGerente") VALUES
('08:00:00', 100.00, 'Ubicacion A', 'Tipo A', 100.00, '2024-01-01', 21),
('09:00:00', 200.00, 'Ubicacion B', 'Tipo B', 200.00, '2024-02-01',22),
('10:00:00', 300.00, 'Ubicacion C', 'Tipo C', 300.00, '2024-03-01', 23),
('11:00:00', 400.00, 'Ubicacion D', 'Tipo D', 400.00, '2024-04-01', 24),
('12:00:00', 500.00, 'Ubicacion E', 'Tipo E', 500.00, '2024-05-01', 25),
('13:00:00', 600.00, 'Ubicacion F', 'Tipo F', 600.00, '2024-06-01', 26),
('14:00:00', 700.00, 'Ubicacion G', 'Tipo G', 700.00, '2024-07-01', 27),
('15:00:00', 800.00, 'Ubicacion H', 'Tipo H', 800.00, '2024-08-01', 28),
('16:00:00', 900.00, 'Ubicacion I', 'Tipo I', 900.00, '2024-09-01', 29),
('17:00:00', 1000.00, 'Ubicacion J', 'Tipo J', 1000.00, '2024-10-01', 30),
('18:00:00', 1100.00, 'Ubicacion K', 'Tipo K', 1100.00, '2024-11-01', 31),
('19:00:00', 1200.00, 'Ubicacion L', 'Tipo L', 1200.00, '2024-12-01', 32),
('20:00:00', 1300.00, 'Ubicacion M', 'Tipo M', 1300.00, '2025-01-01', 33),
('21:00:00', 1400.00, 'Ubicacion N', 'Tipo N', 1400.00, '2025-02-01', 34),
('22:00:00', 1500.00, 'Ubicacion O', 'Tipo O', 1500.00, '2025-03-01', 35),
('23:00:00', 1600.00, 'Ubicacion P', 'Tipo P', 1600.00, '2025-04-01', 36),
('00:00:00', 1700.00, 'Ubicacion Q', 'Tipo Q', 1700.00, '2025-05-01', 37),
('01:00:00', 1800.00, 'Ubicacion R', 'Tipo R', 1800.00, '2025-06-01', 38),
('02:00:00', 1900.00, 'Ubicacion S', 'Tipo S', 1900.00, '2025-07-01', 39),
('03:00:00', 2000.00, 'Ubicacion T', 'Tipo T', 2000.00, '2025-08-01', 40);

INSERT INTO "Gastos" ("EnergiaElectrica", "Mantenimiento", "IDGerente", "Mes", "Año") VALUES
(1100.00, 250.00, 21, 'febrero', 2024),
(1300.00, 350.00, 22, 'marzo', 2024),
(1400.00, 400.00, 23, 'abril', 2024),
(1500.00, 450.00, 24, 'mayo', 2024),
(1600.00, 500.00, 25, 'junio', 2024),
(1700.00, 550.00, 26, 'julio', 2024),
(1800.00, 600.00, 27, 'agosto', 2024),
(1900.00, 650.00, 28, 'septiembre', 2024),
(2000.00, 700.00, 29, 'octubre', 2024),
(2100.00, 750.00, 30, 'noviembre', 2024),
(2200.00, 800.00, 31, 'diciembre', 2024),
(2300.00, 850.00, 32, 'enero', 2025),
(2400.00, 900.00, 33, 'febrero', 2025),
(2500.00, 950.00, 34, 'marzo', 2025),
(2600.00, 1000.00,35, 'abril', 2025),
(2700.00, 1050.00, 36, 'mayo', 2025),
(2800.00, 1100.00, 37, 'junio', 2025),
(2900.00, 1150.00, 38, 'julio', 2025),
(3000.00, 1200.00, 39, 'agosto', 2025),
(3100.00, 1250.00, 40, 'septiembre', 2025);

INSERT INTO "ProcesoEntrada" ("IDEmpleadoN", "CodigoMaterialM") VALUES
(2, 1),
(3, 2),
(4, 3),
(5, 4),
(6, 5),
(7, 6),
(8, 7),
(9, 8),
(10, 9),
(11, 10),
(12, 11),
(13, 12),
(14, 13),
(15, 14),
(16, 15),
(17, 16),
(18, 17),
(19, 18),
(20, 19),
(20, 20);

INSERT INTO "Cambios" ("CodigoMaquina", "CodigoPieza") VALUES
(1, 1),
(2, 2),
(3, 3),
(4, 4),
(5, 5),
(6, 6),
(7, 7),
(8, 8),
(9, 9),
(10, 10),
(11, 11),
(12, 12),
(13, 13),
(14, 14),
(15, 15),
(16, 16),
(17, 17),
(18, 18),
(19, 19),
(20, 20);


INSERT INTO "MantenimientoMaquina" ("CodigoMaquina", "Fecha", "SeHizoLimpieza") VALUES
(1, '2024-01-01', 1),
(2, '2024-02-01', 0),
(3, '2024-03-01', 1),
(4, '2024-04-01', 0),
(5, '2024-05-01', 1),
(6, '2024-06-01', 0),
(7, '2024-07-01', 1),
(8, '2024-08-01', 0),
(9, '2024-09-01', 1),
(10, '2024-10-01', 0),
(11, '2024-11-01', 1),
(12, '2024-12-01', 0),
(13, '2025-01-01', 1),
(14, '2025-02-01', 0),
(15, '2025-03-01', 1),
(16, '2025-04-01', 0),
(17, '2025-05-01', 1),
(18, '2025-06-01', 0),
(19, '2025-07-01', 1),
(20, '2025-08-01', 0);

INSERT INTO "Chequeo" ("ResultadoChequeo", "NumeroMantenimiento") VALUES
('Aprobado', 2),
('Rechazado', 3),
('Aprobado', 4),
('En proceso', 5),
('Aprobado', 6),
('Rechazado', 7),
('Aprobado', 8),
('En proceso', 9),
('Aprobado', 10),
('Rechazado', 11),
('Aprobado', 12),
('En proceso', 13),
('Aprobado', 14),
('Rechazado', 15),
('Aprobado', 16),
('En proceso', 17),
('Aprobado', 18),
('Rechazado', 19),
('Aprobado', 20),
('En proceso', 21);

INSERT INTO "MantenimientoCambios" ("NumeroMantenimientoN", "CodigoCambioM") VALUES
(2, 1),
(3, 2),
(4, 3),
(5, 4),
(6, 5),
(7, 6),
(8, 7),
(9, 8),
(10, 9),
(11, 10),
(12, 11),
(13, 12),
(14, 13),
(15, 14),
(16, 15),
(17, 16),
(18, 17),
(19, 18),
(20, 19),
(21, 20);
